{
  "eye": {
    "orientation": [
      0.4848514199256897,
      -0.03879654034972191,
      -0.8298376798629761,
      -0.27346569299697876
    ],
    "magnitude": 0.5773502588272095,
    "position": [
      -2592.41357421875,
      1090.4444580078125,
      1742.863037109375
    ]
  },
  "radius": 1000,
  "type": "PERSPECTIVE"
}