{
  "eye": {
    "orientation": [
      0.16311371326446533,
      -0.9697483777999878,
      0.06960085779428482,
      0.1677430123090744
    ],
    "magnitude": 0.38166338205337524,
    "position": [
      81.35150146484375,
      170.06495666503906,
      -439.42291259765625
    ]
  },
  "radius": 542.9548950195312,
  "type": "PERSPECTIVE"
}