{
  "eye": {
    "orientation": [
<<<<<<< HEAD
      0.14361196756362915,
      -0.5487107634544373,
      0.09753704071044922,
      0.81778883934021
=======
      -0.35773053765296936,
      0.7095802426338196,
      0.5417879223823547,
      0.27384403347969055
>>>>>>> 398d1292240d5372c4fbaba95e8392f9e0217519
    ],
    "magnitude": 0.2840721607208252,
    "position": [
<<<<<<< HEAD
      -624.2506103515625,
      -51.045440673828125,
      687.193115234375
=======
      321.038330078125,
      1367.7447509765625,
      14.6422119140625
>>>>>>> 398d1292240d5372c4fbaba95e8392f9e0217519
    ]
  },
  "radius": 542.9548950195312,
  "type": "PERSPECTIVE"
}