{
  "eye": {
    "orientation": [
      -0.35773053765296936,
      0.7095802426338196,
      0.5417879223823547,
      0.27384403347969055
    ],
    "magnitude": 0.5773502588272095,
    "position": [
      321.038330078125,
      1367.7447509765625,
      14.6422119140625
    ]
  },
  "radius": 542.9548950195312,
  "type": "PERSPECTIVE"
}