{
  "eye": {
    "orientation": [
      0.14361196756362915,
      -0.5487107634544373,
      0.09753704071044922,
      0.81778883934021
    ],
    "magnitude": 0.2840721607208252,
    "position": [
      -624.2506103515625,
      -51.045440673828125,
      687.193115234375
    ]
  },
  "radius": 542.9548950195312,
  "type": "PERSPECTIVE"
}