{
  "eye": {
    "orientation": [
      -0.0071694389916956425,
      0.14726679027080536,
      0.3701578378677368,
      0.9171937108039856
    ],
    "magnitude": 0.12111636251211166,
    "position": [
      608.2633056640625,
      451.51947021484375,
      1338.654541015625
    ]
  },
  "radius": 542.9548950195312,
  "type": "PERSPECTIVE"
}