{
  "eye": {
    "orientation": [
      0.8949291706085205,
      -0.3312559127807617,
      -0.2174646109342575,
      0.20513519644737244
    ],
    "magnitude": 0.20753802359104156,
    "position": [
      -251.14794921875,
      78.24224853515625,
      -591.3710327148438
    ]
  },
  "radius": 542.9548950195312,
  "type": "PERSPECTIVE"
}