{
  "eye": {
    "orientation": [
      0,
      0,
      0,
      1
    ],
    "magnitude": 0.3363841474056244,
    "position": [
      320,
      320,
      1385.9097900390625
    ]
  },
  "radius": 542.9548950195312,
  "type": "PERSPECTIVE"
}